﻿<?xml version="1.0" encoding="utf-8"?>
<key id="6be3068e-35c2-452e-ab4f-ece15ec8683c" version="1">
  <creationDate>2023-10-17T10:46:21.831319Z</creationDate>
  <activationDate>2023-10-18T12:05:46.7185614Z</activationDate>
  <expirationDate>2024-01-15T10:46:21.7815013Z</expirationDate>
  <descriptor deserializerType="Microsoft.AspNetCore.DataProtection.AuthenticatedEncryption.ConfigurationModel.AuthenticatedEncryptorDescriptorDeserializer, Microsoft.AspNetCore.DataProtection, Version=6.0.0.0, Culture=neutral, PublicKeyToken=adb9793829ddae60">
    <descriptor>
      <encryption algorithm="AES_256_CBC" />
      <validation algorithm="HMACSHA256" />
      <encryptedSecret decryptorType="Microsoft.AspNetCore.DataProtection.XmlEncryption.NullXmlDecryptor, Microsoft.AspNetCore.DataProtection, Version=6.0.0.0, Culture=neutral, PublicKeyToken=adb9793829ddae60" xmlns="http://schemas.asp.net/2015/03/dataProtection">
        <unencryptedKey xmlns="">
          <!-- This key is not encrypted. -->
          <masterKey p6:requiresEncryption="true" xmlns:p6="http://schemas.asp.net/2015/03/dataProtection">
            <!-- Warning: the key below is in an unencrypted form. -->
            <value>A5P0d+zfkdS5Ip7vyUA76b+qy/VYN2rOoVpCvmlHtWYItasgfdcCwlQd6zhFM6uJ+BiBknNcJ9BRDOvlogIhtQ==</value>
          </masterKey>
        </unencryptedKey>
      </encryptedSecret>
    </descriptor>
  </descriptor>
</key>