﻿<?xml version="1.0" encoding="utf-8"?>
<key id="dadcba50-74ff-48cb-ac02-f553c060f77f" version="1">
  <creationDate>2023-07-20T12:05:46.7197531Z</creationDate>
  <activationDate>2023-07-20T12:05:46.7185614Z</activationDate>
  <expirationDate>2023-10-18T12:05:46.7185614Z</expirationDate>
  <descriptor deserializerType="Microsoft.AspNetCore.DataProtection.AuthenticatedEncryption.ConfigurationModel.AuthenticatedEncryptorDescriptorDeserializer, Microsoft.AspNetCore.DataProtection, Version=6.0.0.0, Culture=neutral, PublicKeyToken=adb9793829ddae60">
    <descriptor>
      <encryption algorithm="AES_256_CBC" />
      <validation algorithm="HMACSHA256" />
      <encryptedSecret decryptorType="Microsoft.AspNetCore.DataProtection.XmlEncryption.NullXmlDecryptor, Microsoft.AspNetCore.DataProtection, Version=6.0.0.0, Culture=neutral, PublicKeyToken=adb9793829ddae60" xmlns="http://schemas.asp.net/2015/03/dataProtection">
        <unencryptedKey xmlns="">
          <!-- This key is not encrypted. -->
          <masterKey p6:requiresEncryption="true" xmlns:p6="http://schemas.asp.net/2015/03/dataProtection">
            <!-- Warning: the key below is in an unencrypted form. -->
            <value>EghIRIqZG8AV0oLBVlP0aAYRhwzbiE91juqLlh53Ont33DzMVoc9ABT2G1v3vJTyouksLkDZ5bAoGd4ZKf1y5A==</value>
          </masterKey>
        </unencryptedKey>
      </encryptedSecret>
    </descriptor>
  </descriptor>
</key>